AudioTrans | AudioTrans
ConoceDoc | ConoceDoc
Creagrama | Creagrama
InvestigaDoc | InvestigaDoc
PromptExperto | PromptExperto
PsicoAnalizaDoc | PsicoAnalizaDoc
PsicoEducArte | PsicoEducArte
